instance,problem_type,variables,constraints,nonzeros,status,objective,known_optimal,matches_known,runtime_sec,iterations_or_nodes,mip_gap,verified_feasible,verification_message,note
lp_textbook_2var,LP,2,3,4,OPTIMAL,-36.0,-36.0,True,0.0002,5,0.0,True,Feasibility and objective independently verified,"Textbook 2-variable LP, hand-verified optimum."
lp_equality_diet,LP,3,2,5,OPTIMAL,140.0,140.0,True,0.0002,6,0.0,True,Feasibility and objective independently verified,"Equality-constrained LP; hand-derived optimum x=40,y=0,z=60 -> obj=140, confirmed to match the solver's independently-verified result."
lp_degenerate_square,LP,2,1,2,OPTIMAL,-4.0,-4.0,True,0.0001,5,0.0,True,Feasibility and objective independently verified,Degenerate vertex (multiple bounding constraints active simultaneously).
lp_weak_relax_base,LP,2,2,4,OPTIMAL,-32.0,,,0.0003,9,0.0,True,Feasibility and objective independently verified,Base LP used (with added integrality) as a weak-relaxation MILP stress case.
lp_ill_conditioned_1e8,LP,2,1,2,OPTIMAL,-500000.0,-500000.0,True,0.0002,6,0.0,True,Feasibility and objective independently verified,"Ill-conditioned LP, coefficient magnitude spread 1e8. Hand-derived optimum -500000. Returns NUMERICAL_FAILURE without the equilibration layer (linalg/scaling.py); solved with it."
lp_ill_conditioned_1e12,LP,2,1,2,OPTIMAL,-10000000.0,-10000000.0,True,0.0002,7,0.0,True,Feasibility and objective independently verified,"Ill-conditioned LP, coefficient magnitude spread 1e12. Hand-derived optimum -10000000."
lp_mixed_units_ill_conditioned,LP,3,2,3,OPTIMAL,-300500.0,-300500.0,True,0.0002,7,0.0,True,Feasibility and objective independently verified,Multi-row ill-conditioned LP imitating a units mismatch (spread 1e9). Hand-derived optimum -300500.
milp_small_ip,MILP,2,2,4,OPTIMAL,-20.0,,,0.0012,5,0.0,True,"Integer feasibility, constraints and objective independently verified",Small general-integer MILP; optimum determined by solver + independent verification.
milp_binary_knapsack_5item,MILP,5,1,5,OPTIMAL,-33.0,-33.0,True,0.0012,1,0.0,True,"Integer feasibility, constraints and objective independently verified","5-item 0/1 knapsack, capacity 10; model MINIMIZES -value, so optimal objective is -33 (items a+b+c+d, weight 10, true max value 33), cross-checked by brute force over all 32 subsets in tests/test_milp.py."
milp_weak_relaxation,MILP,3,1,3,OPTIMAL,-6.0,-6.0,True,0.0004,1,0.0,True,"Integer feasibility, constraints and objective independently verified","3-binary 'pick at most one' MILP; LP relaxation allows fractional mixing, true optimum is single best item (z=1) -> -6."
milp_infeasible,MILP,1,2,2,INFEASIBLE,,,,0.0,0,,False,,Deliberately infeasible MILP (x<=1 and x>=5 simultaneously).
refinery_lp_small,LP,6,10,30,OPTIMAL,-20683.89096331622,,,0.0029,21,0.0,True,Feasibility and objective independently verified,"Synthetic refinery blending LP, small instance size. NOT real refinery data."
refinery_lp_medium,LP,24,19,120,OPTIMAL,-100007.599,,,0.0776,162,0.0,True,Feasibility and objective independently verified,"Synthetic refinery blending LP, medium instance size. NOT real refinery data."
refinery_lp_large,LP,96,37,480,OPTIMAL,-153338.19987554845,,,1.7538,674,0.0,True,Feasibility and objective independently verified,"Synthetic refinery blending LP, large instance size. NOT real refinery data."
refinery_milp_small_batches,MILP,6,10,30,OPTIMAL,-18569.5,,,0.0395,15,0.0,True,"Integer feasibility, constraints and objective independently verified",Synthetic refinery blending MILP with discretized integer batch volumes. NOT real refinery data.
